330.93,1306024.0,3946.5
759.12,138706.0,182.1
209.38,55749.0,266.3
315.05,135167.0,429.0
181.65,40366.0,272.2
1085.39,131198.0,120.9
1019.17,121499.0,119.2
576.91,141663.0,245.6
365.02,54456.0,149.2
568.54,47490.0,83.5
568.7,53483.0,94.0
459.37,27026.0,58.8
582.19,60539.0,104.0
229.36,38607.0,168.3
322.42,23234.0,72.1
347.73,30889.0,88.8
671.3,36300.0,54.1
271.42,21515.0,79.3
261.44,42482.0,162.5
961.91,154739.0,160.9
441.5,39590.0,89.7
1085.09,135459.0,124.8
97.93,23578.0,240.8
125.1,24836.0,198.5
505.88,38568.0,76.2
1207.38,174628.0,144.6
1336.79,152268.0,113.9
1055.09,79532.0,75.4
456.25,33033.0,72.4
474.83,37083.0,78.1
1692.89,156557.0,92.5
24.49,20087.0,820.2
858.06,74383.0,86.7
528.88,40814.0,77.2
1744.45,202356.0,116.0
679.88,188916.0,277.9
1123.26,109480.0,97.5
744.65,67574.0,90.7
1114.27,91987.0,82.6
973.13,106762.0,109.7
1199.54,136177.0,113.5
593.69,61065.0,102.9
653.04,46071.0,70.5
1053.85,142163.0,134.9
1191.14,102431.0,86.0
984.24,685783.0,696.6
55.61,97563.0,1754.4
310.62,145511.0,468.5
889.59,68424.0,76.9
757.54,104125.0,137.5
747.97,98102.0,131.2
528.02,75965.0,143.9
432.77,41756.0,96.5
939.95,150127.0,159.7
887.22,123161.0,138.8
1726.77,225552.0,130.6
538.57,89989.0,167.1
453.58,110799.0,244.3
489.63,74806.0,152.8
520.87,72111.0,138.4
223.6,35439.0,158.5
900.46,190239.0,211.3
1282.67,270471.0,210.9
658.07,81060.0,123.2
1515.92,224789.0,148.3
504.19,66731.0,132.4
870.41,77400.0,88.9
710.54,238722.0,336.0
410.8,57350.0,139.6
446.85,60078.0,134.4
859.52,77689.0,90.4
1672.24,174620.0,104.4
641.85,53229.0,82.9
1209.98,102429.0,84.7
1415.78,135007.0,95.4
539.99,51216.0,94.8
477.4,71767.0,150.3
561.72,62753.0,111.7
713.16,61575.0,86.3
1511.03,467367.0,309.3
577.75,60277.0,104.3
396.82,38152.0,96.1
717.49,72692.0,101.3
1026.5,123112.0,119.9
1048.81,120165.0,114.6
771.94,115852.0,150.1
592.27,58453.0,98.7
319.08,13348.0,41.8
323.48,69094.0,213.6
