nan,35.3,2.6,nan,42.4,24.2,47.1,69.0
1.23,27.0,3.59,122.0,0.0,40.0,40.0,30.0
1.24,26.5,2.9,121.0,16.0,20.7,29.7,72.0
1.07,29.1,3.1,114.0,44.0,2.6,26.3,68.0
1.08,43.7,2.4,105.0,32.6,5.8,10.7,42.0
1.39,29.5,2.78,126.0,14.0,0.0,50.0,78.0
1.31,26.3,2.1,119.0,15.7,15.7,30.4,72.0
1.27,27.6,3.5,116.0,16.8,23.0,35.2,69.0
1.11,32.6,2.9,113.0,15.8,15.8,15.0,57.0
1.32,29.5,2.57,121.0,22.0,2.0,18.0,63.0
1.16,33.4,2.3,131.0,7.5,14.9,6.0,60.0
1.23,27.6,2.83,121.0,27.9,6.7,31.7,67.0
1.24,25.5,3.6,113.0,5.3,21.1,60.0,86.0
1.2,27.7,3.4,108.0,37.4,9.9,39.9,71.0
1.33,29.4,2.3,120.0,13.5,6.9,38.3,72.0
1.11,35.1,3.51,123.0,67.2,2.5,5.9,46.0
1.14,29.9,2.9,116.0,5.3,55.3,63.2,84.0
1.16,27.9,3.0,116.0,3.5,23.7,64.8,85.0
1.22,29.5,3.0,116.0,6.0,39.7,50.2,78.0
1.23,29.0,2.9,116.0,8.0,24.0,60.0,87.0
1.25,30.2,2.8,118.0,7.5,37.7,43.9,78.0
1.19,31.6,2.4,115.0,0.0,33.3,58.7,82.0
1.11,21.8,3.6,112.0,2.5,22.7,92.3,98.0
1.22,34.2,2.6,nan,46.3,0.0,63.6,82.0
1.07,19.8,4.15,117.0,0.0,28.5,61.9,92.0
1.31,19.5,3.83,114.0,14.0,14.0,57.0,86.0
1.24,36.0,3.36,125.0,45.5,9.0,18.2,55.0
1.17,31.5,2.52,125.0,18.9,15.8,21.1,58.0
1.11,28.3,2.5,124.0,10.7,25.0,25.0,74.0
1.41,23.8,3.2,118.0,25.5,15.5,26.8,72.0
1.26,23.6,3.2,118.0,16.3,6.7,28.9,69.0
1.24,19.4,3.7,111.0,5.6,21.5,72.2,91.0
1.21,24.1,3.8,116.0,1.2,32.5,83.3,94.0
1.21,23.3,3.9,110.0,1.6,35.5,94.1,95.0
1.28,19.5,3.44,110.0,0.0,15.0,nan,98.0
1.17,16.5,3.97,111.0,1.2,50.0,75.6,90.0
1.31,26.5,2.28,126.0,2.1,18.6,34.0,77.0
1.2,27.2,3.0,121.0,nan,nan,25.1,61.0
1.02,33.4,2.46,123.0,37.5,18.8,18.8,66.0
1.04,29.4,3.1,120.0,28.6,12.7,15.9,62.0
1.15,30.2,2.7,124.0,16.3,20.2,26.2,63.0
1.08,33.6,3.6,128.0,35.7,0.0,14.3,36.0
1.16,29.3,3.12,117.0,15.0,19.6,19.6,65.0
1.2,29.8,2.6,122.0,12.7,20.1,23.6,64.0
1.18,24.3,4.9,108.0,20.6,6.9,61.8,84.0
1.12,27.7,4.1,117.0,6.9,22.5,63.7,85.0
1.3,23.3,3.4,112.0,3.8,25.4,68.9,87.0
1.12,23.1,3.7,115.0,5.8,13.9,80.6,92.0
1.29,29.4,1.99,121.0,22.2,11.1,30.6,77.0
1.26,27.5,2.41,121.0,31.7,20.2,24.0,62.0
1.03,23.3,3.5,115.0,2.1,17.2,78.0,92.0
1.15,22.9,3.8,112.0,3.8,26.2,76.3,91.0
1.14,22.4,3.7,115.0,0.8,27.1,77.8,91.0
1.18,26.9,2.8,112.0,2.4,22.0,78.0,92.0
1.44,22.88,3.13,116.0,7.7,29.2,59.3,88.0
1.47,23.43,3.08,118.0,10.1,27.8,53.3,86.0
1.45,22.58,3.24,117.0,5.2,26.7,56.5,87.0
1.06,31.8,3.84,125.0,59.2,2.9,9.7,52.0
1.24,34.0,2.7,nan,nan,nan,66.7,85.0
1.17,27.0,3.2,114.0,4.1,21.5,73.9,90.0
1.14,23.3,3.3,112.0,4.7,17.7,76.2,90.0
1.22,23.0,3.8,113.0,5.7,32.2,60.8,83.0
1.38,27.5,3.3,115.0,14.4,19.2,59.5,84.0
1.34,31.0,3.4,112.0,23.1,19.2,55.2,72.0
1.22,40.6,2.3,nan,56.9,13.7,67.8,87.0
1.39,27.2,3.1,107.0,10.8,27.0,76.2,88.0
1.04,30.2,2.6,116.0,29.2,2.5,19.2,67.0
1.17,38.6,2.5,107.0,41.1,0.5,16.8,50.0
1.69,25.6,1.66,123.0,0.0,0.0,40.0,92.0
1.14,31.8,3.1,118.0,11.4,12.1,52.1,80.0
1.06,34.3,3.0,116.0,16.7,12.5,50.0,74.0
1.16,36.0,3.0,127.0,36.4,10.2,9.4,53.0
1.1,22.0,3.72,107.0,23.7,10.4,51.8,85.0
1.09,38.1,2.25,119.0,8.5,7.0,23.0,90.0
1.04,30.4,2.7,118.0,33.3,5.1,28.2,66.0
1.14,31.9,2.07,121.0,15.0,10.0,5.0,47.0
1.24,27.2,3.0,120.0,29.1,13.8,34.4,70.0
1.15,38.0,2.25,125.0,9.5,6.4,13.0,88.0
1.37,26.0,3.22,125.0,12.6,21.5,28.6,61.0
